model,step,training_nll,validation_subset_nll,elapsed_seconds
mha-4,1,4.231016635894775,4.095034122467041,2.3314837199998237
mha-4,100,2.567856788635254,2.572848230600357,9.392291303999855
mha-4,200,2.3709335327148438,2.3710970375686884,16.76654247900001
mha-4,300,2.1979119777679443,2.1922676730901003,24.46157672100003
mha-4,400,2.05936861038208,2.0945273973047733,31.296459357000003
mha-4,500,1.9042985439300537,2.019271047785878,37.85797827800002
mha-4,600,1.8740732669830322,1.9585696486756206,44.87329848099989
mha-4,700,1.8349663019180298,1.911401397548616,51.876409463999835
mha-4,800,1.7624263763427734,1.8818872347474098,59.28622895699982
mha-4,900,1.7586760520935059,1.843662922270596,66.94837510599996
mha-4,1000,1.7655354738235474,1.8276871675625443,74.31411479199983
gqa-2,1,4.195958137512207,4.063845042139292,2.1510295269999915
gqa-2,100,2.6304550170898438,2.641666952520609,8.685265889999982
gqa-2,200,2.3782758712768555,2.359039844945073,15.244848198
gqa-2,300,2.165187358856201,2.182045108638704,21.644297492000078
gqa-2,400,2.0235087871551514,2.0840981723740697,28.082721128999992
gqa-2,500,1.846808671951294,1.9984216345474124,36.066282713999954
gqa-2,600,1.8541254997253418,1.9392824117094278,43.27639460599994
gqa-2,700,1.8219447135925293,1.9010093053802848,49.843535069999916
gqa-2,800,1.7239469289779663,1.8705578343942761,57.449554170000056
gqa-2,900,1.7508864402770996,1.8349415995180607,65.2287772520001
gqa-2,1000,1.761734962463379,1.8192969812080264,71.57385322899995
mqa-1,1,4.164467811584473,4.047722527757287,2.2470962820000295
mqa-1,100,2.62174654006958,2.634149929508567,8.86533925599997
mqa-1,200,2.3935909271240234,2.385454246774316,15.086435320999954
mqa-1,300,2.22841215133667,2.2518724370747805,21.935664840000072
mqa-1,400,2.1006479263305664,2.1531937597319484,28.723771153999905
mqa-1,500,1.9250646829605103,2.0807125996798277,34.877653364000025
mqa-1,600,1.92570960521698,2.004720143042505,41.06020490900005
mqa-1,700,1.875251293182373,1.9460473414510489,47.081010089000074
mqa-1,800,1.8006935119628906,1.9068864155560732,53.712111998999944
mqa-1,900,1.790048599243164,1.8654107376933098,60.46572756599994
mqa-1,1000,1.8088510036468506,1.8428899180144072,66.73225694200005
